{"cameraMode":{"drawMode":0,"name":"Shaded","section":"Shading Mode"},"sceneLighting":true,"audioPlay":false,"sceneViewState":{"showFog":true,"showMaterialUpdate":false,"showSkybox":true,"showFlares":true,"showImageEffects":true,"showParticleSystems":true},"in2DMode":false,"pivot":{"x":0.4734163284301758,"y":-9.348443031311036,"z":-281.5811462402344},"rotation":{"x":-0.22025303542613984,"y":0.12020821869373322,"z":-0.02736198529601097,"w":-0.967620849609375},"size":26.060861587524415,"orthographic":false}