{"cameraMode":{"drawMode":0,"name":"Shaded","section":"Shading Mode"},"sceneLighting":false,"audioPlay":false,"sceneViewState":{"showFog":true,"showMaterialUpdate":false,"showSkybox":false,"showFlares":true,"showImageEffects":true,"showParticleSystems":true},"in2DMode":false,"pivot":{"x":-0.7599999904632568,"y":-0.009999990463256836,"z":1.582000732421875},"rotation":{"x":0.34379011392593386,"y":-0.015493279322981835,"z":0.005673052743077278,"w":0.9389013051986694},"size":4.330127239227295,"orthographic":false}